Workbook

Sheet Executive Dashboard
A1: CALLINGBOT COST ANALYSIS & CALCULATOR
A3: Expected Monthly Minutes | B3: 1000 | C3: (Change this value to see real-time cost impact)
A4: Number of Virtual Lines | B4: 1
A6: Platform Name | B6: Monthly Rental (Fixed) | C6: Calling Cost (Variable) | D6: Total Monthly Est. (INR)
A7: ='Comparison Data'!A2 -> Twilio | B7: =$B$4 * 'Comparison Data'!E2 -> 120 | C7: =$B$3 * 'Comparison Data'!C2 -> 2200 | D7: =B7 + C7 -> 2320
A8: ='Comparison Data'!A3 -> SignalWire | B8: =$B$4 * 'Comparison Data'!E3 -> 7 | C8: =$B$3 * 'Comparison Data'!C3 -> 500 | D8: =B8 + C8 -> 507
A9: ='Comparison Data'!A4 -> Plivo | B9: =$B$4 * 'Comparison Data'!E4 -> 65 | C9: =$B$3 * 'Comparison Data'!C4 -> 1500 | D9: =B9 + C9 -> 1565
A10: ='Comparison Data'!A5 -> Exotel | B10: =$B$4 * 'Comparison Data'!E5 -> 750 | C10: =$B$3 * 'Comparison Data'!C5 -> 600 | D10: =B10 + C10 -> 1350
A11: ='Comparison Data'!A6 -> Telnyx | B11: =$B$4 * 'Comparison Data'!E6 -> 85 | C11: =$B$3 * 'Comparison Data'!C6 -> 1000 | D11: =B11 + C11 -> 1085
A12: ='Comparison Data'!A7 -> Asterisk | B12: =$B$4 * 'Comparison Data'!E7 -> 0 | C12: =$B$3 * 'Comparison Data'!C7 -> 0 | D12: =B12 + C12 -> 0
A15: Research Insight: Moving from a standard Cloud API (Twilio) to Wholesale SIP providers (SignalWire/Telnyx) reduces operational costs by over 70%. For Indian domestic operations, Exotel is the recommended choice to mitigate USD-INR currency fluctuation risks and utilize local carrier routing.

Sheet Comparison Data
A1: Platform | B1: Type | C1: Outbound (INR) | D1: Inbound (INR) | E1: Monthly Rental | F1: Key Advantage
A2: Twilio | B2: Cloud API | C2: 2.2 | D2: 0.85 | E2: 120 | F2: Reliability / Documentation
A3: SignalWire | B3: Wholesale | C3: 0.5 | D3: 0.25 | E3: 7 | F3: Maximum Savings
A4: Plivo | B4: Cloud API | C4: 1.5 | D4: 0.45 | E4: 65 | F4: Twilio Alternative
A5: Exotel | B5: Indian API | C5: 0.6 | D5: 0 | E5: 750 | F5: Local Indian Context
A6: Telnyx | B6: Carrier SIP | C6: 1 | D6: 0.15 | E6: 85 | F6: High Volume Outbound
A7: Asterisk | B7: Open Source | C7: 0 | D7: 0 | E7: 0 | F7: Self-Hosted Infra

Sheet Glossary & Specs
A1: Term | B1: Definition
A2: SIP Trunking | B2: A digital version of a phone line. It is much cheaper than APIs because it connects directly to carriers.
A3: PSTN | B3: Public Switched Telephone Network. The traditional "copper wire" phone system used by mobile and landlines.
A4: API Calling | B4: A developer-friendly way to make calls (like Twilio). It is easy to use but usually has a 30-50% price markup.
A5: Wholesale Provider | B5: Platforms like SignalWire/Telnyx that sell minutes at raw cost. Ideal for high-volume bots.
A6: Webhook | B6: The communication bridge that allows Twilio to send the user's voice response to our Python server.
